Question ID,Success,Status Code,Error
12148,True,200,
12149,True,200,
12150,True,200,
12151,True,200,
12152,True,200,
12153,True,200,
12154,True,200,
12155,True,200,
12156,True,200,
12157,True,200,
12158,True,200,
12159,True,200,
12160,True,200,
12161,True,200,
12162,True,200,
12163,True,200,
12164,True,200,
12165,True,200,
12166,True,200,
12167,True,200,
12168,True,200,
12169,True,200,
12170,True,200,
12171,True,200,
12172,True,200,
12173,True,200,
12174,True,200,
12175,True,200,
12176,True,200,
12177,True,200,
12178,True,200,
12179,True,200,
12180,True,200,
12181,True,200,
12182,True,200,
12183,True,200,
12184,True,200,
12185,True,200,
12186,True,200,
12187,True,200,
12188,True,200,
12189,True,200,
12190,True,200,
12191,True,200,
12192,True,200,
12193,True,200,
12194,True,200,
12195,True,200,
12196,True,200,
12197,True,200,
12198,True,200,
12199,True,200,
12200,True,200,
12201,True,200,
12202,True,200,
12203,True,200,
12204,True,200,
12205,True,200,
12206,True,200,
12207,True,200,
12208,True,200,
12209,True,200,
12210,True,200,
12211,True,200,
12212,True,200,
12213,True,200,
12214,True,200,
12215,True,200,
12216,True,200,
12217,True,200,
12218,True,200,
12219,True,200,
12220,True,200,
12221,True,200,
12222,True,200,
12223,True,200,
12224,True,200,
12225,True,200,
12226,True,200,
12227,True,200,
12228,True,200,
12229,True,200,
12230,True,200,
12231,True,200,
12232,True,200,
12233,True,200,
12234,True,200,
12235,True,200,
12236,True,200,
12237,True,200,
12238,True,200,
12239,True,200,
12240,True,200,
12241,True,200,
12242,True,200,
12243,True,200,
12244,True,200,
12245,True,200,
12246,True,200,
12247,True,200,
12248,True,200,
12249,True,200,
12250,True,200,
12251,True,200,
12252,True,200,
12253,True,200,
12254,True,200,
12255,True,200,
12256,True,200,
12257,True,200,
12258,True,200,
12259,True,200,
12260,True,200,
12261,True,200,
12262,True,200,
12263,True,200,
12264,True,200,
12265,True,200,
12266,True,200,
12267,True,200,
12268,True,200,
12269,True,200,
12270,True,200,
12271,True,200,
12272,True,200,
12273,True,200,
12274,True,200,
12275,True,200,
12276,True,200,
12277,True,200,
12278,True,200,
12279,True,200,
12280,True,200,
12281,True,200,
12282,True,200,
12283,True,200,
12284,True,200,
12285,True,200,
12286,True,200,
12287,True,200,
12288,True,200,
12289,True,200,
12290,True,200,
12291,True,200,
12292,True,200,
12293,True,200,
12294,True,200,
12295,True,200,
12296,True,200,
12297,True,200,
12298,True,200,
12299,True,200,
12300,True,200,
12301,True,200,
12302,True,200,
12303,True,200,
12304,True,200,
12305,True,200,
12306,True,200,
12307,True,200,
12308,True,200,
12309,True,200,
12310,True,200,
